,index,name,id,mean_shear,time_before_tcg,mean_shear_hu,time_before_hu,lat,final_inten,E_MPI,distance
0,2,2000_KIROGI,"['wp052000', 'WP_05']",4.234878500000001,24,4.734643500000001,24,14.5333,115.0,70.01473650660674,789.8207753925078
1,13,2000_SHANSHAN,"['wp262000', 'WP_26']",6.2417974,60,3.0945750000000003,36,15.15,135.0,63.411490138843206,2970.3822689687213
2,19,2000_SAOMAI,"['wp222000', 'WP_22']",3.0964825000000005,24,4.882538333333333,36,15.99,140.0,70.23400958743899,2224.307203451687
3,24,2000_BILIS,"['wp182000', 'WP_18']",2.9844486666666667,36,3.176979,24,12.5308,140.0,77.14620256623041,1236.9257453889363
4,2,2001_KROSA,"['wp242001', 'WP_24']",3.9479904999999977,24,5.985581999999999,24,15.1077,105.0,,1881.1740243109884
5,3,2001_LINGLING,"['wp272001', 'WP_27']",6.502896,48,8.4916555,48,10.7,115.0,,27.310874222997576
6,4,2001_TORAJI,"['wp112001', 'WP_11']",10.740343666666666,36,9.0730615,24,16.8867,100.0,,564.4418740044428
7,5,2001_DANAS,"['wp192001', 'WP_19']",5.149715499999999,24,6.204181499999999,24,18.64,105.0,,2219.319332116878
8,8,2001_FAXAI,"['wp332001', 'WP_33']",6.232984749999998,48,3.7038305,144,4.93333,155.0,,1441.1154499898153
9,11,2001_CHEBI,"['wp042001', 'WP_04']",7.030510499999998,24,13.644576,48,13.0067,100.0,,848.6077543872786
10,14,2001_PODUL,"['wp262001', 'WP_26']",6.588542749999999,48,3.846638666666667,36,5.7,140.0,,1106.4688994624983
11,16,2001_WUTIP,"['wp162001', 'WP_16']",2.6581390000000003,24,2.1686745,24,16.6857,130.0,,1699.0441958138326
12,21,2001_FRANCISCO,"['wp222001', 'WP_22']",7.464733799999999,60,9.272586,48,14.7769,100.0,,2246.464690634789
13,24,2001_MAN-YI,"['wp122001', 'WP_12']",5.12434575,48,7.308115333333333,36,11.2091,120.0,,1599.454873178623
14,1,2002_HAGIBIS,"['wp052002', 'WP_05']",9.484064166666668,72,8.022791999999999,48,9.85,140.0,72.31020842991497,1494.19339727077
15,2,2002_CHATAAN,"['wp082002', 'WP_08']",4.36477925,48,8.9778391,120,5.15,130.0,71.74072703296838,1021.988313213651
16,3,2002_RUSA,"['wp212002', 'WP_21']",5.065403999999997,24,6.479242999999999,24,16.3067,115.0,65.36670155179911,2394.8617898508187
17,6,2002_PHANFONE,"['wp192002', 'WP_19']",4.388368666666668,36,6.209903999999999,36,10.2933,135.0,71.77222571414298,1652.9734362342574
18,10,2002_RAMMASUN,"['wp092002', 'WP_09']",7.937590333333335,72,7.2440742,60,11.3333,110.0,67.47031806150673,1049.5004738726739
19,17,2002_SINLAKU,"['wp222002', 'WP_22']",7.189596,24,7.506495333333333,36,18.28,110.0,64.85096844541405,2224.9455999713246
20,18,2002_HIGOS,"['wp252002', 'WP_25']",4.229537499999999,48,5.993593499999999,24,15.7,135.0,68.65968180669267,2117.3294282205
21,20,2002_FENGSHEN,"['wp122002', 'WP_12']",5.169172,24,6.391497999999999,12,12.5,145.0,70.50685524187702,2574.4629726471157
22,21,2002_HALONG,"['wp102002', 'WP_10']",2.489973799999999,60,4.962399,48,9.15,135.0,70.52833003009528,1444.5413140737191
23,0,2003_KUJIRA,"['wp022003', 'WP_02']",8.9044385,24,10.380026,84,4.18571,135.0,74.95722550117645,1239.2625719873815
24,6,2003_ETAU,"['wp112003', 'WP_11']",8.449054666666667,72,3.832141666666665,36,13.3462,110.0,77.11603112400921,1520.4623292262922
25,7,2003_DUJUAN,"['wp142003', 'WP_14']",4.415328000000001,24,2.082328333333333,36,16.3667,125.0,67.2141244059255,1301.5020988055996
26,10,2003_CHAN-HOM,"['wp042003', 'WP_04']",5.1498426666666655,36,6.701148833333334,72,6.92727,115.0,72.71467466162406,1073.485457517189
27,12,2003_LUPIT,"['wp262003', 'WP_26']",6.323062769230769,156,5.610440333333333,36,8.775,145.0,69.78334968264166,1587.0256070892256
28,17,2003_KETSANA,"['wp202003', 'WP_20']",5.222581999999999,12,6.60819,36,15.4154,125.0,73.51263786607674,791.5530015394693
29,5,2004_CHABA,"['wp192004', 'WP_19']",9.6080008,60,14.638510666666669,36,12.825,155.0,73.354027791665,2048.2702533914517
30,9,2004_DIANMU,"['wp092004', 'WP_09']",2.9476975000000003,48,6.243476000000001,24,9.2,155.0,78.34973635335552,1090.0269642328117
31,10,2004_NIDA,"['wp042004', 'WP_04']",6.253395000000001,24,2.220939999999999,12,8.28,140.0,68.2619876899792,584.2425492982461
32,11,2004_CONSON,"['wp072004', 'WP_07']",3.9992386666666646,36,2.2342161999999988,60,14.7733,100.0,64.10651912278688,268.5137013734511
33,13,2004_MA-ON,"['wp262004', 'WP_26']",2.055369,72,2.9644835,48,16.7154,140.0,69.41297321734767,1103.6236851155234
34,19,2004_SUDAL,"['wp032004', 'WP_03']",7.602378999999999,60,7.771001999999999,36,7.02308,130.0,73.61957687662358,1046.2520402735172
35,21,2004_SONGDA,"['wp222004', 'WP_22']",3.9605799999999984,48,3.839517333333332,36,11.1,125.0,74.15658589600415,2160.4791777796117
36,22,2004_MEARI,"['wp252004', 'WP_25']",2.02198775,48,3.5662997500000007,48,12.725,125.0,73.06057880101069,1678.9066302676788
37,24,2004_NOCK-TEN,"['wp282004', 'WP_28']",4.5822724,60,6.661599999999999,36,11.2,110.0,74.26613151836928,1687.425234925371
38,7,2005_NABI,"['wp142005', 'WP_14']",4.434784500000001,24,5.404557499999999,24,15.1,140.0,65.34875250080312,1954.1151190576832
39,11,2005_NESAT,"['wp042005', 'WP_04']",7.6996069999999985,84,9.855772333333332,36,9.58462,125.0,74.3134613466008,1311.2253300154632
40,14,2005_TALIM,"['wp132005', 'WP_13']",3.308978,48,2.8412589999999995,36,13.6,130.0,72.40455266081167,1752.152001605001
41,0,2006_CHANCHU,"['wp022006', 'WP_02']",4.91433,36,7.610581250000001,48,8.21538,125.0,69.30743153858464,693.4357650919015
42,2,2006_SAOMAI,"['wp082006', 'WP_08']",4.848711999999999,36,9.824743666666665,36,11.0545,140.0,74.22954084562014,1556.9740162786823
43,4,2006_DURIAN,"['wp242006', 'WP_24']",10.70111275,48,10.1588868,60,9.975,135.0,76.60681624780548,1375.033390349767
44,7,2006_SHANSHAN,"['wp142006', 'WP_14']",3.4867569999999994,36,4.308508,24,16.875,120.0,70.07628292235991,1137.153874891331
45,10,2006_EWINIAR,"['wp042006', 'WP_04']",6.681946666666668,36,3.144322599999999,60,7.525,130.0,77.76260506143076,950.6915321582304
46,12,2006_CHEBI,"['wp232006', 'WP_23']",10.4108294,60,5.791017,12,15.85,125.0,78.6445310478685,507.73537047139627
47,16,2006_CIMARON,"['wp222006', 'WP_22']",5.8989815,48,7.380600333333333,36,12.62,140.0,73.71083758892651,735.5586116522594
48,17,2006_UTOR,"['wp252006', 'WP_25']",8.87372775,48,9.44655,36,10.1,100.0,77.01719706217186,625.3662156932329
49,20,2006_XANGSANE,"['wp182006', 'WP_18']",2.5909949999999995,24,3.3944340000000004,24,11.85,125.0,81.70718629056145,217.72932052503685
50,0,2007_YUTU,"['wp022007', 'WP_02']",4.9092942,60,7.123723666666666,36,9.15,130.0,71.53063877801362,1199.8947709175093
51,1,2007_USAGI,"['wp052007', 'WP_05']",7.0350885,48,7.928943,24,18.175,120.0,63.41077031254884,1988.3015415326645
52,6,2007_KAJIKI,"['wp192007', 'WP_19']",6.814962999999999,24,6.8260264999999976,24,19.075,115.0,73.47093196912141,1230.397979776419
53,7,2007_KROSA,"['wp172007', 'WP_17']",4.172694,12,2.6383009999999985,24,16.98,130.0,72.89478217516321,795.245309937062
54,8,2007_KONG-REY,"['wp012007', 'WP_01']",10.0992965,24,11.623897666666666,36,8.55,100.0,73.73721349592219,1275.1767566327928
55,9,2007_SEPAT,"['wp092007', 'WP_09']",8.497886666666666,36,11.552938666666668,36,17.3364,140.0,66.89023213472106,1223.6149109001283
56,0,2008_NEOGURI,"['wp022008', 'WP_02']",7.526587666666668,36,5.81371625,48,8.96364,100.0,73.77587841549611,78.08925333433773
57,7,2008_JANGMI,"['wp192008', 'WP_19']",4.873890999999997,12,4.064348,36,11.7889,140.0,75.14684290083014,1320.8525587488311
58,10,2008_FENGSHEN,"['wp072008', 'WP_07']",5.453262333333332,36,8.5328575,24,9.58,110.0,75.65381567863373,606.1664545147445
59,13,2008_NURI,"['wp132008', 'WP_13']",9.733183666666664,36,16.4520345,24,15.8545,100.0,74.01411962504524,1283.6843169405768
60,14,2008_RAMMASUN,"['wp032008', 'WP_03']",5.803606499999999,24,5.004364,36,8.2,135.0,73.00305366844691,584.2425492982461
61,15,2008_NAKRI,"['wp062008', 'WP_06']",5.657709999999999,42,2.8012014999999977,24,14.35,125.0,70.56805986023542,1301.5568358838534
62,19,2008_SINLAKU,"['wp152008', 'WP_15']",4.681615000000001,24,3.0949564999999986,24,16.2733,125.0,76.1642033727401,312.8519370446229
63,21,2008_HAGUPIT,"['wp182008', 'WP_18']",10.3243815,48,7.991203799999999,60,14.12,125.0,73.93829452217614,835.8947468017205
64,4,2009_VAMCO,"['wp112009', 'WP_11']",3.78604375,48,5.799664333333332,36,13.975,120.0,67.47929673231701,2107.827846329026
65,5,2009_PARMA,"['wp192009', 'WP_19']",8.410904666666665,36,11.762255,36,9.16667,135.0,72.81753423068648,1283.1316775810883
66,7,2009_KUJIRA,"['wp012009', 'WP_01']",1.208629750000001,48,3.063037666666665,36,13.3692,115.0,70.47269490637478,27.030649323938025
67,12,2009_NIDA,"['wp262009', 'WP_26']",3.0518469999999995,48,2.5372035000000004,24,8.3,155.0,75.78730912153947,1145.1287592844496
68,16,2009_LUPIT,"['wp222009', 'WP_22']",9.820674333333333,36,6.41744,36,11.46,140.0,75.59060415787629,1577.067584060316
69,18,2009_MELOR,"['wp202009', 'WP_20']",7.511327666666666,36,5.338303666666666,36,10.925,150.0,69.87021999565455,1698.7378407635656
70,20,2009_CHOI-WAN,"['wp152009', 'WP_15']",5.992449000000001,36,7.969763499999999,24,15.475,140.0,70.71946832550547,2005.786795031614
71,2,2010_KOMPASU,"['wp082010', 'WP_08']",8.448546,24,6.231776666666666,36,19.4636,105.0,70.13203760796485,1283.7271623344852
72,8,2010_CHABA,"['wp162010', 'WP_16']",6.744512666666666,108,3.77746,24,16.6,115.0,74.48068030337423,784.0997494536839
73,12,2010_MEGI,"['wp152010', 'WP_15']",9.087177,48,8.818092333333334,36,11.8462,160.0,77.05719188788991,1528.5776821676768
74,0,2011_MA-ON,"['wp082011', 'WP_08']",5.327367333333334,36,5.903432333333332,36,18.95,115.0,70.31146823570816,2316.8214457893996
75,5,2011_NANMADOL,"['wp142011', 'WP_14']",7.284589499999999,24,8.455667333333333,36,15.725,140.0,73.32482536752609,333.16700089878384
76,7,2011_SONGDA,"['wp042011', 'WP_04']",5.365771666666666,36,6.128415599999999,60,9.15,140.0,75.02084959217065,973.2444450643343
77,12,2011_NALGAE,"['wp222011', 'WP_22']",5.018352333333333,36,2.9290040000000004,36,19.02,130.0,71.38997306529471,909.4871123477122
78,13,2011_NESAT,"['wp202011', 'WP_20']",3.896488,24,5.466996333333333,36,13.7333,115.0,75.8826290546364,1190.5292915162463
79,1,2012_GUCHOL,"['wp052012', 'WP_05']",9.044449,48,9.8546024,60,9.6,130.0,,1010.2470252878462
80,4,2012_SON-TINH,"['wp242012', 'WP_24']",3.979400666666667,36,6.277938166666666,72,9.725,105.0,76.12786779586945,61.184965155729685
81,9,2012_SANBA,"['wp172012', 'WP_17']",4.477131,24,4.788434999999999,36,10.825,155.0,80.05370249108559,884.3466123938109
82,11,2012_MAWAR,"['wp042012', 'WP_04']",5.710393333333335,36,3.251498666666668,36,14.9,105.0,60.947257597671125,185.2655896145071
83,14,2012_BOPHA,"['wp262012', 'WP_26']",0.714777999999999,12,3.2156739999999995,84,4.25,150.0,,948.647188464644
84,16,2012_BOLAVEN,"['wp162012', 'WP_16']",2.2358185,48,4.123353333333333,36,17.5067,125.0,72.39334372263949,1654.0916308666606
85,19,2012_PRAPIROON,"['wp222012', 'WP_22']",6.105881666666666,36,3.965921,36,17.875,105.0,76.6700946102422,1589.3926702019276
86,22,2012_TEMBIN,"['wp152012', 'WP_15']",3.907933,12,1.589176,24,17.7,120.0,71.65829499420252,452.3920494941123
87,24,2012_JELAWAT,"['wp182012', 'WP_18']",5.890588500000001,48,7.035660750000001,48,13.3769,140.0,78.78052040874604,580.6640918233913
88,3,2013_NARI,"['wp242013', 'WP_24']",9.1020555,24,10.591813,24,14.475,100.0,82.83666424772123,462.41981003098783
89,4,2013_UTOR,"['wp112013', 'WP_11']",5.129750333333333,36,6.410954499999999,24,13.62,130.0,72.88587331076842,698.0139012869431
90,7,2013_USAGI,"['wp172013', 'WP_17']",2.020016666666665,36,2.2026280000000007,24,17.35,135.0,70.6402320331373,812.7353573391298
91,8,2013_HAIYAN,"['wp312013', 'WP_31']",5.840039749999999,48,12.035409,24,6.125,170.0,76.2299095670842,958.3426077586477
92,12,2013_SOULIK,"['wp072013', 'WP_07']",5.809328999999998,48,6.016864999999999,24,19.075,125.0,64.78224169602137,1872.6521039421646
93,13,2013_DANAS,"['wp232013', 'WP_23']",5.147299333333333,36,6.307568,36,16.78,120.0,72.26882270090692,2029.3074112631973
94,14,2013_FRANCISCO,"['wp262013', 'WP_26']",9.075732,24,0.8780600000000014,12,11.5,140.0,76.70018131260925,1599.4014399150014
95,15,2013_KROSA,"['wp292013', 'WP_29']",9.825761,48,7.840434999999999,24,16.325,105.0,79.42929341752051,0.0
96,21,2013_WIPHA,"['wp252013', 'WP_25']",9.574479666666669,36,7.78950475,48,13.5,120.0,71.26768904646859,1754.9912263312774
97,22,2013_WUTIP,"['wp202013', 'WP_20']",4.316900999999999,36,3.439451,36,16.8,100.0,81.72706906589342,387.7860313667033
98,23,2013_LEKIMA,"['wp282013', 'WP_28']",4.268323333333331,36,4.918526499999999,24,10.9067,140.0,71.5250021328765,1809.942745503106
99,2,2014_NEOGURI,"['wp082014', 'WP_08']",6.2429673333333335,36,8.5641405,24,11.3,140.0,70.85034608475767,1604.0050792626603
100,4,2014_HALONG,"['wp112014', 'WP_11']",3.1201355,24,10.168824875,96,12.0462,140.0,70.74953131574159,1572.334740299813
101,5,2014_VONGFONG,"['wp192014', 'WP_19']",2.444244666666665,36,7.665898749999999,48,8.06,155.0,78.92274111838536,1467.928946133687
102,7,2014_RAMMASUN,"['wp092014', 'WP_09']",9.619496666666668,72,10.7600545,48,13.55,140.0,71.65638090912152,1759.2943699750956
103,14,2014_HAGUPIT,"['wp222014', 'WP_22']",5.9752815,24,7.017157999999999,36,4.9,155.0,,
104,15,2014_NURI,"['wp202014', 'WP_20']",3.9458286666666673,36,4.680852000000002,24,12.775,155.0,77.00698357613432,874.2853397933025
105,19,2014_PHANFONE,"['wp182014', 'WP_18']",4.260947666666667,36,7.9933402,60,12.7,135.0,76.5681645227662,1732.6128249370206
106,0,2015_HIGOS,"['wp022015', 'WP_02']",5.561735499999999,24,4.2319028,30,11.6133,130.0,72.86499442067895,1783.517445268383
107,5,2015_IN-FA,"['wp272015', 'WP_27']",7.057596999999998,12,7.5218825,24,4.4,120.0,77.804074123345,1172.7183542271898
108,6,2015_NANGKA,"['wp112015', 'WP_11']",1.8470699999999989,12,5.0567058000000005,60,9.64,135.0,73.70734113621396,2281.2911729834336
109,8,2015_ATSANI,"['wp172015', 'WP_17']",2.818369000000001,24,4.820226666666664,36,14.8,140.0,66.62276566731751,2298.056574383444
110,12,2015_DOLPHIN,"['wp072015', 'WP_07']",3.92529125,48,9.18679088888889,108,3.75,140.0,72.93864694356517,1330.6139845750533
111,14,2015_SOUDELOR,"['wp132015', 'WP_13']",2.196524,12,5.729595499999999,72,13.625,155.0,66.79393572834181,2061.120310372951
112,17,2015_NOUL,"['wp062015', 'WP_06']",5.454533999999997,24,3.3673475,48,9.52,140.0,71.16331442594424,1179.8115197271247
113,18,2015_MUJIGAE,"['wp222015', 'WP_22']",9.306158,60,5.218004,36,16.575,115.0,,
114,20,2015_KROVANH,"['wp202015', 'WP_20']",6.276030666666667,36,3.502271333333334,36,18.1,100.0,63.75813544507827,2157.2220565533335
115,21,2015_MELOR,"['wp282015', 'WP_28']",7.1068105,24,5.091600333333333,36,9.95,125.0,70.7532099083892,1089.8216294536855
116,0,2016_NEPARTAK,"['wp022016', 'WP_02']",2.227425499999999,24,6.398364999999999,36,10.025,155.0,77.44859668755595,1362.7458641371916
117,3,2016_CHABA,"['wp212016', 'WP_21']",5.269481066666667,90,5.334285199999999,60,13.975,150.0,,
118,4,2016_SARIKA,"['wp242016', 'WP_24']",2.1385359999999984,12,3.014459999999998,24,13.775,115.0,76.06963871771481,304.314844008964
119,15,2016_MERANTI,"['wp162016', 'WP_16']",3.268030333333332,36,6.880835333333334,36,14.5333,170.0,67.93155107028694,1496.9169388029743
120,16,2016_NOCK-TEN,"['wp302016', 'WP_30']",10.360624,36,9.74545525,48,6.90667,140.0,75.30708821280683,1004.4816658471433
121,19,2016_HAIMA,"['wp252016', 'WP_25']",5.560590999999999,12,4.9665955,24,9.15,145.0,76.25815686420779,1230.3309824677854
122,20,2016_MEGI,"['wp202016', 'WP_20']",6.486491499999998,24,7.1312265,24,16.45,120.0,71.72895554288365,1619.3159471700046
123,24,2016_MALAKAS,"['wp182016', 'WP_18']",4.944087,12,6.252059749999999,48,12.92,115.0,71.6133935619888,1705.8533298799473
124,6,2017_BANYAN,"['wp142017', 'WP_14']",7.95107,24,5.205287333333334,36,16.9733,110.0,61.14209603742093,2882.4571327448525
125,19,2017_LAN,"['wp252017', 'WP_25']",4.261201999999999,24,5.995310250000001,48,10.225,135.0,75.61598812484225,699.117252773486
126,20,2017_TALIM,"['wp202017', 'WP_20']",6.4964105,24,11.506955199999998,60,15.58,120.0,72.60291585448606,1974.220306529182
127,12,2018_YUTU,"['wp312018', 'WP_31']",4.628968,36,6.4128620000000005,24,9.25,150.0,77.32780874375567,1658.8259015129745
128,16,2018_CIMARON,"['wp232018', 'WP_23']",8.326720333333334,36,7.503761249999999,48,13.7667,115.0,77.48552998589248,1887.0726996980663
129,17,2018_MANGKHUT,"['wp262018', 'WP_26']",7.762990499999999,24,6.612767999999999,36,13.075,155.0,73.34160845144862,2303.6251555596755
130,21,2018_SOULIK,"['wp222018', 'WP_22']",6.484584,24,7.192647999999998,24,15.3077,105.0,71.37236983752707,1947.2655291413716
131,22,2018_JEBI,"['wp252018', 'WP_25']",6.609716000000001,24,6.613276666666665,36,15.35,155.0,73.84721132930562,2081.5211751279935
132,24,2018_TRAMI,"['wp282018', 'WP_28']",6.092783500000001,24,5.236061666666667,36,14.9667,140.0,74.0790239994615,1923.8569866547552
133,27,2018_MARIA,"['wp102018', 'WP_10']",3.4329655,24,6.431428333333332,36,11.575,145.0,73.74367095481058,1501.3859104412509
134,0,2019_WUTIP,"['wp022019', 'WP_02']",9.347105666666666,36,14.434026666666668,36,4.7,145.0,74.90494150523688,931.9088051501265
135,4,2019_HALONG,"['wp242019', 'WP_24']",7.677915999999998,24,9.333117333333332,36,13.2615,165.0,71.40260805260951,2154.754772842813
136,6,2019_KROSA,"['wp112019', 'WP_11']",9.09576075,48,6.067223000000002,24,17.8385,100.0,59.86519958444633,1845.5740575706523
137,8,2019_FAXAI,"['wp142019', 'WP_14']",6.036811999999999,84,6.829351,84,16.8333,115.0,76.96433526876217,2585.1233296945425
138,13,2019_BULBUL:MATMO,"['wp232019', 'WP_23']",5.661307000000001,36,8.351475444444441,216,13.175,105.0,76.24077220420183,271.8709814656759
139,15,2019_KAMMURI,"['wp292019', 'WP_29']",9.588467999999995,24,14.046676999999995,36,11.05,120.0,74.3393769250182,1507.4786466182588
140,18,2019_PHANFONE,"['wp302019', 'WP_30']",10.652598666666668,72,13.315214333333332,36,7.6,105.0,,1037.8391292958797
141,20,2019_BUALOI,"['wp222019', 'WP_22']",8.232617,48,4.217711000000001,24,10.6,140.0,78.2827955812235,1864.3445349239366
142,22,2019_HAGIBIS,"['wp202019', 'WP_20']",3.5368606666666658,36,6.876766,24,15.075,160.0,83.3991467844549,2043.69828356564
143,25,2019_LINGLING,"['wp152019', 'WP_15']",3.8922914999999993,72,4.854816,24,16.78,120.0,67.69210173973323,227.76460722474536
144,3,2020_MOLAVE,"['wp212020', 'WP_21']",10.8607705,72,7.975485999999998,24,13.35,105.0,79.18219913328268,190.74371265719316
145,9,2020_VONGFONG,"['wp012020', 'WP_01']",5.94548211111111,108,5.9569695,24,11.275,100.0,65.9495721011729,138.99365830569843
146,18,2020_GONI,"['wp222020', 'WP_22']",3.846021,84,4.2966815,24,16.55,170.0,,
147,19,2020_VAMCO,"['wp252020', 'WP_25']",5.3784247500000015,48,3.820950999999999,24,13.35,115.0,78.92004425420087,26.81986245322823
148,11,2000_CARLOTTA,"['ep032000', 'EP_03']",7.912665666666666,36,8.502973333333335,36,12.92,135.0,76.00799137521321,251.6301251336584
149,12,2000_DANIEL,"['ep062000', 'EP_06']",9.04216,36,8.781595500000002,24,10.9,110.0,79.13140757716178,999.3874186201701
150,3,2001_JULIETTE,"['ep112001', 'EP_11']",5.223344999999998,12,5.32844825,48,13.0,125.0,82.96369125036298,247.07287725265215
151,5,2001_ADOLPH,"['ep012001', 'EP_01']",7.7584125,24,4.553431000000002,24,13.6,125.0,67.39288999526862,376.9837889528314
152,2,2002_FAUSTO,"['ep082002', 'EP_08']",5.392730999999998,12,7.217827,24,12.8,125.0,77.99870313910355,826.33882213371
153,3,2002_KENNA,"['ep142002', 'EP_14']",4.949428000000001,12,5.745237,36,11.5,145.0,,596.2657708298443
154,4,2002_ALMA,"['ep012002', 'EP_01']",6.59731725,48,6.2036474,60,10.7,100.0,67.40751512153955,878.7773850638207
155,8,2002_ELIDA,"['ep062002', 'EP_06']",4.715187,12,10.173688999999998,24,11.9,140.0,79.21409209162057,511.8196273867423
156,11,2002_HERNAN,"['ep102002', 'EP_10']",2.2987660000000005,12,2.6035844999999984,24,13.9,140.0,82.63648324988625,446.69380352965646
157,0,2004_DARBY,"['ep052004', 'EP_05']",8.204386,12,9.0715355,24,12.5,105.0,78.19220522517512,1329.0234705901503
158,3,2005_KENNETH,"['ep112005', 'EP_11']",8.968912,12,7.329225000000001,24,12.9,115.0,75.85113814770573,1507.407229780171
159,14,2005_JOVA,"['ep102005', 'EP_10']",6.060610333333332,72,7.587881999999998,36,13.8,110.0,69.79018336875284,2035.7521510635695
160,0,2006_DANIEL,"['ep052006', 'EP_05']",5.3454250000000005,24,1.6886203333333327,36,12.3,130.0,74.9958588122625,1137.9297384708268
161,3,2006_JOHN,"['ep112006', 'EP_11']",3.6225710000000007,12,2.9110734999999988,24,13.1,115.0,80.19483563200967,316.27495785043334
162,11,2006_LANE,"['ep132006', 'EP_13']",8.876589000000003,12,3.8031476666666655,36,16.7,110.0,,138.99365830569843
163,13,2006_BUD,"['ep032006', 'EP_03']",5.516337,12,10.431201499999998,24,13.5,110.0,70.88125781260305,961.5957534265565
164,17,2006_ILEANA,"['ep102006', 'EP_10']",6.727981,12,6.518919,24,12.5,105.0,81.5146550750754,571.8159480085126
165,5,2007_FLOSSIE,"['ep092007', 'EP_09']",5.717005999999998,12,10.622078666666669,36,13.2,120.0,65.6413766831595,2206.5891844583575
166,9,2009_JIMENA,"['ep132009', 'EP_13']",7.868971200000002,60,3.145695999999999,24,13.7,135.0,76.19329555910244,403.65790073507117
167,13,2009_RICK,"['ep202009', 'EP_20']",4.070960666666665,36,4.1593415,24,12.14,155.0,79.55591090986857,392.9019119591245
168,16,2009_GUILLERMO,"['ep102009', 'EP_10']",7.015087000000001,84,7.984387666666666,36,16.1,110.0,72.41931632058838,1255.666170699128
169,3,2010_CELIA,"['ep042010', 'EP_04']",7.679950666666667,36,13.020950666666666,36,12.8,140.0,79.64798812793083,370.3196958155605
170,1,2011_EUGENE,"['ep052011', 'EP_05']",9.1966675,24,14.753723666666668,36,10.6,120.0,81.85164747246878,680.0979250661829
171,3,2011_ADRIAN,"['ep012011', 'EP_01']",4.282184499999998,24,4.4179985,24,11.7,120.0,70.288141275391,544.1720744623126
172,4,2011_HILARY,"['ep092011', 'EP_09']",4.99063,12,3.1613375,24,13.7,125.0,85.58553511818032,196.43696205226436
173,5,2011_DORA,"['ep042011', 'EP_04']",8.588937999999999,12,7.449016,36,10.4,135.0,81.86931811825374,371.3340348507391
174,7,2011_KENNETH,"['ep132011', 'EP_13']",4.9152456,60,6.9183495,24,11.5,125.0,82.02259756134012,791.0970527932989
175,10,2011_JOVA,"['ep102011', 'EP_10']",10.096626,36,4.777180749999999,48,12.1,110.0,79.75231091182668,827.0423086315495
176,0,2012_BUD,"['ep022012', 'EP_02']",8.927964333333334,36,7.326173,48,9.7,100.0,71.98303940172148,807.8626943004984
177,1,2012_EMILIA,"['ep052012', 'EP_05']",4.202069499999999,24,6.336053333333332,36,10.3,120.0,77.64511042307059,817.3638060310873
178,8,2012_DANIEL,"['ep042012', 'EP_04']",5.885629,24,4.7071755,48,13.8,100.0,74.68234363696078,761.0053159059587
179,10,2012_MIRIAM,"['ep132012', 'EP_13']",5.462163999999998,12,7.674863999999999,36,13.9,105.0,78.16332358982953,624.4088950659354
180,11,2012_PAUL,"['ep162012', 'EP_16']",7.196463000000001,12,6.746293000000001,36,13.9,105.0,,
181,5,2013_RAYMOND,"['ep172013', 'EP_17']",7.326173000000001,12,4.771649,24,14.2,110.0,80.95625519971496,316.1549595417204
182,5,2014_SIMON,"['ep192014', 'EP_19']",7.786071250000001,48,6.747437499999998,48,17.9,115.0,76.98174993916722,229.70179349688988
183,8,2014_AMANDA,"['ep012014', 'EP_01']",2.805652333333333,36,0.6487784999999988,24,10.9,135.0,72.59989579823407,991.9941932636567
184,9,2014_ISELLE,"['ep092014', 'EP_09']",4.343097333333334,36,7.0817586666666665,36,12.8,120.0,73.04811353680435,1777.413895656648
185,11,2014_GENEVIEVE,"['ep072014', 'EP_07']",8.258559,60,8.98343952,300,12.1778,140.0,68.6090592580204,2383.674029428283
186,12,2014_MARIE,"['ep132014', 'EP_13']",7.1735729999999975,12,8.4283265,24,12.6,140.0,82.93094207762604,473.04567208095824
187,13,2014_CRISTINA,"['ep032014', 'EP_03']",2.1802466666666667,36,2.758473500000001,24,15.5,130.0,74.18839004300933,251.9358241475572
188,17,2014_ODILE,"['ep152014', 'EP_15']",7.566518,24,6.334908833333334,72,14.4,120.0,80.6820010407003,335.05020849040125
189,18,2014_JULIO,"['ep102014', 'EP_10']",9.0584882,60,11.3414605,48,13.5,105.0,75.51033681941188,1460.9650688418967
190,1,2015_DOLORES,"['ep052015', 'EP_05']",5.369078,24,5.967079249999999,48,12.2,115.0,80.10886940260662,420.4274696961652
191,3,2015_OLAF,"['ep192015', 'EP_19']",4.603598249999999,48,5.147299333333333,36,9.4,130.0,72.6925073558662,2322.8485380524644
192,6,2015_ANDRES,"['ep012015', 'EP_01']",7.896896999999999,12,4.326819999999999,36,11.1,125.0,67.15164905084586,1160.0245029287744
193,10,2015_JIMENA,"['ep132015', 'EP_13']",6.6627445,48,4.142555499999999,24,12.2,135.0,78.83164213480049,1405.504645125441
194,13,2015_SANDRA,"['ep222015', 'EP_22']",6.636421000000002,12,7.364831666666666,36,10.8,130.0,80.52875317759711,762.3959775793229
195,14,2015_PATRICIA,"['ep202015', 'EP_20']",2.6302895,24,3.171638,36,13.1,185.0,,
196,15,2015_IGNACIO,"['ep122015', 'EP_12']",5.1567732500000005,48,5.777283,36,12.8,125.0,67.69024437334284,2489.6877579709967
197,16,2015_LINDA,"['ep152015', 'EP_15']",7.713204750000001,48,8.9761605,24,13.2,110.0,78.85843683339974,730.5535010774048
198,1,2016_DARBY,"['ep052016', 'EP_05']",7.535235,24,10.206243666666666,36,15.9,105.0,75.92358867594795,519.4917361391281
199,6,2016_MADELINE,"['ep142016', 'EP_14']",5.464452999999999,12,4.766613199999999,60,13.9,115.0,66.2029890521379,1940.839259701674
200,11,2016_LESTER,"['ep132016', 'EP_13']",6.621161000000001,24,2.147310500000001,48,16.0,125.0,76.88556958715704,753.2331044845726
201,13,2016_BLAS,"['ep032016', 'EP_03']",10.953475,12,9.655866333333332,36,11.4,120.0,80.15913730800199,962.3950400642544
202,15,2016_SEYMOUR,"['ep202016', 'EP_20']",4.694331666666667,36,3.3871855,24,13.2,130.0,85.81135452271091,560.2583572643113
203,1,2017_EUGENE,"['ep052017', 'EP_05']",2.71689,12,3.332122333333333,36,11.6,100.0,76.87897170669635,1064.6869819040974
204,9,2017_KENNETH,"['ep132017', 'EP_13']",8.480083333333335,36,8.964842666666668,36,14.9,115.0,75.4996124474967,1277.7677495740527
205,12,2017_FERNANDA,"['ep062017', 'EP_06']",7.780158,24,6.501369999999998,24,11.9,125.0,74.12941566645445,1100.373722451849
206,0,2018_ALETTA,"['ep022018', 'EP_02']",7.492507,12,6.311128666666666,36,14.2,120.0,74.22294326667716,586.0686369687089
207,4,2018_WILLA,"['ep242018', 'EP_24']",10.747719333333334,36,7.066371500000001,24,14.9,140.0,,
208,6,2018_LANE,"['ep142018', 'EP_14']",7.396368999999999,48,6.41744,36,10.7,140.0,77.88628827790157,1931.6590480140007
209,7,2018_OLIVIA,"['ep172018', 'EP_17']",6.374712000000001,24,9.367579500000002,48,15.4,115.0,81.77437266589045,787.9719453511983
210,12,2018_NORMAN,"['ep162018', 'EP_16']",6.751633999999999,24,7.127411500000001,24,17.2,130.0,77.78568905936221,716.2721207290502
211,13,2018_BUD,"['ep032018', 'EP_03']",6.3632670000000005,12,4.9078445,24,12.7,120.0,74.16509152335027,430.5382889271165
212,17,2018_ROSA,"['ep202018', 'EP_20']",5.340847,12,9.816604999999996,24,14.6,130.0,77.7251300114767,639.7484013005012
213,20,2018_HECTOR,"['ep102018', 'EP_10']",8.022029,12,9.58948533333333,36,12.96,135.0,79.34953368102222,1387.4097743851257
214,9,2019_KIKO,"['ep132019', 'EP_13']",3.4394509999999983,12,3.124522749999998,48,15.9,115.0,78.87357096605216,774.7186076525043
215,12,2019_ERICK,"['ep062019', 'EP_06']",5.210374000000002,12,5.706896250000001,48,11.5,115.0,76.67225490193057,2083.0799367726167
216,2,2020_DOUGLAS,"['ep082020', 'EP_08']",6.691356999999998,24,7.108908749999999,48,13.5,115.0,72.87068264844326,1595.428392813812
217,14,2020_GENEVIEVE,"['ep122020', 'EP_12']",6.7760500000000015,12,7.9071975,24,11.8,115.0,83.22369277191551,469.4304318090284
218,6,2000_ISAAC,"['al132000', 'AL_13']",4.350472999999997,12,4.706539666666667,36,12.3,120.0,84.10613118600949,508.8432064911655
219,11,2000_KEITH,"['al152000', 'AL_15']",4.348565499999999,24,3.5237624999999984,24,17.4,120.0,96.21571465609068,148.92577412492955
220,2,2001_IRIS,"['al112001', 'AL_11']",8.9349585,24,9.094552666666669,36,14.8,125.0,85.488337925639,77.50808872086587
221,7,2001_FELIX,"['al072001', 'AL_07']",6.057113249999999,96,12.833507,36,18.6,100.0,82.1808651373462,1581.5425154127906
222,11,2001_ERIN,"['al062001', 'AL_06']",4.144462999999998,12,4.831599,168,13.2,105.0,86.65265127591871,1470.2663590125333
223,13,2001_MICHELLE,"['al152001', 'AL_15']",4.9175346,60,3.272099666666667,36,15.8,120.0,92.9133492728754,27.002076339795316
224,7,2002_LILI,"['al132002', 'AL_13']",7.309387,36,7.2381228,180,12.1,125.0,88.79293635772262,707.2724479172034
225,11,2002_ISIDORE,"['al102002', 'AL_10']",7.259029,84,4.741383333333332,36,17.1,110.0,94.69377246298986,306.94068770824674
226,14,2003_FABIAN,"['al102003', 'AL_10']",7.159457499999999,24,5.383829333333332,36,15.0,125.0,83.01016070040919,1239.125424358791
227,3,2004_JEANNE,"['al112004', 'AL_11']",6.377000999999998,24,6.048826222222221,54,16.4,105.0,81.86601589934149,0.0
228,6,2004_IVAN,"['al092004', 'AL_09']",6.199221999999999,12,8.25455325,48,9.7,145.0,86.5054282333092,971.8218343936736
229,11,2004_CHARLEY,"['al032004', 'AL_03']",10.450658,24,8.766717,36,12.9,130.0,86.37895676556766,194.5911216279778
230,13,2004_KARL,"['al122004', 'AL_12']",4.335975999999999,12,5.441563,36,11.2,125.0,85.91497611768742,1027.1761109807471
231,1,2005_EMILY,"['al052005', 'AL_05']",6.090112999999999,24,5.171079499999999,48,11.0,140.0,88.77081723870256,1056.664057479948
232,4,2005_BETA,"['al272005', 'AL_27']",0.7391939999999977,12,5.61342875,48,11.0,100.0,93.76670640359288,195.0399686734888
233,11,2005_DENNIS,"['al042005', 'AL_04']",7.8164004999999985,24,8.856751,36,13.0,130.0,82.92628378865317,224.05181512981594
234,21,2005_WILMA,"['al252005', 'AL_25']",4.0478163333333335,36,2.115391666666666,36,16.9,160.0,91.30496320531849,153.45206349766403
235,4,2006_HELENE,"['al092006', 'AL_09']",4.596158999999997,36,7.6518214,60,12.9,105.0,85.02725305486639,588.2871024964277
236,12,2007_FELIX,"['al062007', 'AL_06']",6.152678999999999,12,7.2222524,30,12.1,150.0,85.88788636654446,345.8146143149699
237,0,2008_BERTHA,"['al022008', 'AL_02']",3.337208999999998,12,6.745434625000001,96,13.1,110.0,83.34244997722041,385.5901357276897
238,5,2008_PALOMA,"['al172008', 'AL_17']",6.2884930000000026,12,4.358866000000001,24,14.8,125.0,91.2782944495316,137.48147244634427
239,7,2008_IKE,"['al092008', 'AL_09']",5.961929000000001,12,7.206687199999999,60,17.3,125.0,79.84426831405676,1680.22866324159
240,9,2008_GUSTAV,"['al072008', 'AL_07']",7.079724000000002,12,6.0660785,24,15.1,135.0,93.30794697703024,321.91651920903354
241,5,2009_FRED,"['al072009', 'AL_07']",10.731442,12,6.513577999999999,24,11.7,105.0,76.04283128169422,581.6830992516755
242,9,2010_EARL,"['al072010', 'AL_07']",5.517862999999998,36,9.27888075,96,14.3,125.0,78.62283634993922,345.66650263715536
243,10,2010_KARL,"['al132010', 'AL_13']",7.157168500000001,24,6.84895888888889,54,18.1,110.0,,
244,15,2010_JULIA,"['al122010', 'AL_12']",9.038345,12,9.04196925,48,13.1,120.0,79.63884152939718,395.77225305915806
245,12,2011_OPHELIA,"['al162011', 'AL_16']",5.732647499999999,24,9.865225055555555,216,12.5,120.0,87.1038316495254,1668.639800486737
246,18,2011_RINA,"['al182011', 'AL_18']",6.8145815,48,2.597862000000001,24,16.0,100.0,96.97721009243308,219.11787791359635
247,18,2012_SANDY,"['al182012', 'AL_18']",4.121954499999999,24,7.929515249999999,48,12.7,100.0,99.57537605112876,448.1024952966029
248,1,2014_GONZALO,"['al082014', 'AL_08']",9.5285725,24,7.489454999999999,24,16.4,125.0,85.13924782912426,470.4469700853971
249,7,2014_EDOUARD,"['al062014', 'AL_06']",5.951501333333333,36,6.6876946,60,17.2,105.0,78.92210139216861,1470.478306723019
250,5,2015_DANNY,"['al042015', 'AL_04']",7.802030666666664,36,5.079901,48,10.5,110.0,75.374885636201,1263.45968926249
251,7,2016_GASTON,"['al072016', 'AL_07']",7.007493333333332,36,8.1521205,48,12.0,105.0,77.86101346412437,596.4358846296075
252,9,2016_OTTO,"['al162016', 'AL_16']",4.560298,84,3.478516599999999,60,11.3,100.0,88.73231382211112,185.8870117729262
253,3,2017_IRMA,"['al112017', 'AL_11']",6.537230999999999,12,3.898395500000001,24,16.2,155.0,79.36421383591045,587.1220353128082
254,5,2017_LEE,"['al142017', 'AL_14']",3.723286999999999,48,10.6530914375,192,12.5,100.0,80.91918316124472,791.7469803721267
255,14,2017_JOSE,"['al122017', 'AL_12']",3.692767,36,4.885844666666665,36,12.0,135.0,87.13304991177365,1591.7231657725263
256,15,2017_MARIA,"['al152017', 'AL_15']",8.951363,12,6.078667999999999,24,12.2,150.0,89.87827833164198,763.795832396114
257,9,2019_LORENZO,"['al132019', 'AL_13']",4.807510000000001,12,5.7757570000000005,48,11.0,140.0,81.5928551816349,452.06097761077694
258,9,2020_IOTA,"['al312020', 'AL_31']",5.956079333333332,36,5.606625333333334,36,14.0,135.0,100.18538824682868,321.83161681261237
259,16,2020_ETA,"['al292020', 'AL_29']",4.185665,12,4.129711666666666,36,14.9,130.0,98.65723635683578,361.3835115948159
260,17,2020_LAURA,"['al132020', 'AL_13']",7.504969333333334,36,10.385124777777778,108,17.0,130.0,83.26294464626517,826.3023211565712
261,24,2020_TEDDY,"['al202020', 'AL_20']",9.231383999999998,48,7.003614749999999,48,12.9,120.0,83.9469636065431,1402.4622786631874
262,25,2020_ZETA,"['al282020', 'AL_28']",9.139061000000002,12,5.025473666666666,36,18.0,100.0,89.34137724392153,328.26136217450846
