,index,name,id,mean_shear,time_before_tcg,mean_shear_hu,time_before_hu,lat,final_inten,mean_shear_max,time_ts_max,mean_shear_cat1,time_ts_cat1,mean_shear_cat1_65,time_ts_cat1_65,E_MPI,distance
0,13,2000_SHANSHAN,"['wp262000', 'WP_26']",8.245588000000001,60,6.103083999999999,36,15.2,135.0,12.611884846153846,156,7.595185000000001,84,7.573808888888887,108,63.411490138843206,2970.3822689687213
1,19,2000_SAOMAI,"['wp222000', 'WP_22']",5.966125499999999,24,7.232832666666667,36,16.0,140.0,12.12850887272727,330,6.726149799999999,60,6.49240475,48,70.23400958743899,2224.307203451687
2,24,2000_BILIS,"['wp182000', 'WP_18']",10.794516666666668,36,7.296415999999999,24,12.5,140.0,9.15853408695652,138,9.3952764,60,9.497013241379308,174,77.14620256623041,1236.9257453889363
3,2,2001_KROSA,"['wp242001', 'WP_24']",4.479038499999998,24,5.216859499999998,24,15.1,105.0,19.00149,126,4.847948999999998,48,5.128478666666665,36,,1881.1740243109884
4,3,2001_LINGLING,"['wp272001', 'WP_27']",7.3372365,48,11.8091795,48,10.7,115.0,14.245611909090911,132,9.573208,96,8.811734000000001,84,,27.310874222997576
5,5,2001_DANAS,"['wp192001', 'WP_19']",9.731149,24,10.072209999999998,24,18.6,105.0,11.380223212121212,198,9.9016795,48,10.128163333333331,36,,2219.319332116878
6,11,2001_CHEBI,"['wp042001', 'WP_04']",9.844072999999998,24,15.7485485,48,13.0,100.0,14.02535788235294,102,13.78039,72,11.5161875,48,,848.6077543872786
7,14,2001_PODUL,"['wp262001', 'WP_26']",8.75202925,48,6.739934666666668,36,5.7,140.0,16.568174,210,7.889703,84,8.45980025,96,,1106.4688994624983
8,21,2001_FRANCISCO,"['wp222001', 'WP_22']",10.0000302,60,11.366257999999998,48,14.8,100.0,14.730233439999996,150,10.607242555555557,108,10.607242555555557,108,,2246.464690634789
9,24,2001_MAN-YI,"['wp122001', 'WP_12']",7.417733,48,7.616113000000001,36,11.2,120.0,9.680815612903228,186,7.655661833333333,72,7.502752999999999,84,,1599.454873178623
10,2,2002_CHATAAN,"['wp082002', 'WP_08']",7.895943249999998,48,13.896518600000002,120,5.2,130.0,14.51709085106383,282,12.316310384615385,156,11.889021999999995,84,71.74072703296838,1021.988313213651
11,3,2002_RUSA,"['wp212002', 'WP_21']",5.050525499999999,24,8.392084,24,16.3,115.0,9.599190157894736,228,6.72130475,48,9.165983999999998,252,65.36670155179911,2394.8617898508187
12,6,2002_PHANFONE,"['wp192002', 'WP_19']",9.070645333333331,36,11.647550666666666,36,10.3,135.0,13.305295333333332,216,10.359097999999998,72,10.359097999999998,72,71.77222571414298,1652.9734362342574
13,18,2002_HIGOS,"['wp252002', 'WP_25']",5.731693749999999,48,5.774612499999998,24,15.7,135.0,14.479228636363636,132,5.745999999999999,72,5.918765,84,68.65968180669267,2117.3294282205
14,20,2002_FENGSHEN,"['wp122002', 'WP_12']",5.985200500000001,24,8.452361,12,12.5,145.0,8.1824116,300,5.985200500000001,24,8.019655222222223,324,70.50685524187702,2574.4629726471157
15,21,2002_HALONG,"['wp102002', 'WP_10']",7.9605312,60,13.792597999999998,48,9.2,135.0,19.278029411764702,204,9.508162249999998,96,10.552560888888886,108,70.52833003009528,1444.5413140737191
16,7,2003_DUJUAN,"['wp142003', 'WP_14']",9.5346765,24,7.778377666666668,36,16.4,125.0,13.447722,144,8.480897200000003,60,8.831190500000002,48,67.2141244059255,1301.5020988055996
17,10,2003_IMBUDO,"['wp092003', 'WP_09']",8.6750044,60,10.885822333333332,36,8.8,130.0,15.114972375,192,9.504061125,96,13.581646666666664,252,79.2480428117171,1171.2495351564658
18,11,2003_CHAN-HOM,"['wp042003', 'WP_04']",10.186405666666667,36,12.952535,72,6.9,115.0,14.113439499999998,192,12.174751875,96,12.002752599999996,60,72.71467466162406,1073.485457517189
19,13,2003_LUPIT,"['wp262003', 'WP_26']",10.979710461538462,156,9.268771,36,8.8,145.0,16.723148304347827,276,10.6589093125,192,11.4411846,300,69.78334968264166,1587.0256070892256
20,3,2004_TOKAGE,"['wp272004', 'WP_27']",10.7450234,60,11.329634,24,14.1,125.0,17.885052545454545,198,10.912054999999995,84,13.128787999999997,120,74.57419516803188,1784.4448609317828
21,5,2004_CHABA,"['wp192004', 'WP_19']",9.932581,60,17.642441666666667,36,12.8,155.0,14.989978571428573,294,11.876922999999996,84,13.453147777777778,108,73.354027791665,2048.2702533914517
22,9,2004_DIANMU,"['wp092004', 'WP_09']",4.82067175,48,7.3700455,24,9.2,155.0,13.70140793939394,198,5.670463000000001,72,6.82736175,96,78.34973635335552,1090.0269642328117
23,10,2004_NIDA,"['wp042004', 'WP_04']",7.6790605,24,6.859217000000001,12,8.3,140.0,14.256095066666669,180,7.405779333333334,36,7.12950975,48,68.2619876899792,584.2425492982461
24,13,2004_MA-ON,"['wp262004', 'WP_26']",6.928395666666667,72,6.1881585,48,16.7,140.0,13.806663739130432,138,6.6323008,120,7.172937166666666,144,69.41297321734767,1103.6236851155234
25,19,2004_SUDAL,"['wp032004', 'WP_03']",10.5680074,60,12.22412433333333,36,7.0,130.0,15.222426826086956,276,11.18905125,96,11.2801153,120,73.61957687662358,1046.2520402735172
26,21,2004_SONGDA,"['wp222004', 'WP_22']",10.115701,48,8.584105666666668,36,11.1,125.0,14.448031955555551,270,9.459303000000002,84,9.459303000000002,84,74.15658589600415,2160.4791777796117
27,22,2004_MEARI,"['wp252004', 'WP_25']",5.345806499999999,48,6.740761249999999,48,12.7,125.0,12.708316307692307,234,6.043283874999999,96,6.043283874999999,96,73.06057880101069,1678.9066302676788
28,24,2004_NOCK-TEN,"['wp282004', 'WP_28']",9.971341399999996,60,13.696714333333333,36,11.2,110.0,17.744756333333335,252,11.368356249999998,96,12.474133999999998,120,74.26613151836928,1687.425234925371
29,11,2005_NESAT,"['wp042005', 'WP_04']",7.904962999999999,84,8.939155,36,9.6,125.0,15.127576711111107,270,8.215220599999999,120,8.786202846153847,156,74.3134613466008,1311.2253300154632
30,0,2006_CHANCHU,"['wp022006', 'WP_02']",6.571820333333334,36,12.03559975,48,8.2,125.0,13.08541145,240,9.319637666666669,72,12.235812608695651,276,69.30743153858464,693.4357650919015
31,2,2006_SAOMAI,"['wp082006', 'WP_08']",9.816350666666663,36,7.797198333333334,36,11.1,140.0,10.903771,168,8.9824934,60,8.9824934,60,74.22954084562014,1556.9740162786823
32,4,2006_DURIAN,"['wp242006', 'WP_24']",8.6648565,48,8.035,60,10.0,135.0,11.398021407407407,324,8.536767875,96,8.659134,84,76.60681624780548,1375.033390349767
33,7,2006_SHANSHAN,"['wp142006', 'WP_14']",9.000957999999999,36,10.175215,24,16.9,120.0,15.790793266666666,180,9.4706608,60,9.736617166666669,72,70.07628292235991,1137.153874891331
34,10,2006_EWINIAR,"['wp042006', 'WP_04']",10.900828,36,10.109597,60,7.5,130.0,14.469320307692309,234,10.898103,84,13.993521333333335,270,77.76260506143076,950.6915321582304
35,12,2006_CHEBI,"['wp232006', 'WP_23']",9.4268646,60,6.310619999999997,12,15.9,125.0,10.679558000000002,132,8.9074905,72,10.2880913125,192,78.6445310478685,507.73537047139627
36,16,2006_CIMARON,"['wp222006', 'WP_22']",5.950483999999999,48,5.894530666666667,36,12.6,140.0,10.736849347826086,276,5.926504,84,5.762881375,96,73.71083758892651,735.5586116522594
37,17,2006_UTOR,"['wp252006', 'WP_25']",10.02356875,48,8.521030999999999,36,10.1,100.0,13.735662413793102,174,9.347614333333333,72,9.379623999999998,84,77.01719706217186,625.3662156932329
38,20,2006_XANGSANE,"['wp182006', 'WP_18']",8.057889999999999,24,9.625473499999998,24,11.8,125.0,11.790549583333332,144,8.486695999999998,36,8.486695999999998,36,81.70718629056145,217.72932052503685
39,0,2007_YUTU,"['wp022007', 'WP_02']",8.0641466,60,8.009312333333336,36,9.2,130.0,15.264563727272728,132,8.113262,84,7.835263555555555,108,71.53063877801362,1199.8947709175093
40,6,2007_KAJIKI,"['wp192007', 'WP_19']",9.1615695,24,8.185310999999999,24,19.1,115.0,21.24628630769231,78,8.286789999999998,36,8.286789999999998,36,73.47093196912141,1230.397979776419
41,0,2008_NEOGURI,"['wp022008', 'WP_02']",6.290018999999998,36,6.736183250000001,48,9.0,100.0,14.186860909090909,132,6.557068999999999,72,6.603306799999999,60,73.77587841549611,78.08925333433773
42,7,2008_JANGMI,"['wp192008', 'WP_19']",9.694525000000002,12,11.242397666666667,36,11.8,140.0,12.507969103448277,174,10.8554295,48,10.565871,24,75.14684290083014,1320.8525587488311
43,10,2008_FENGSHEN,"['wp072008', 'WP_07']",8.473979333333334,36,13.5747615,24,9.6,110.0,20.453851103448272,174,10.5142922,60,11.0499945,72,75.65381567863373,606.1664545147445
44,13,2008_NURI,"['wp132008', 'WP_13']",9.926476999999998,36,15.698953500000002,24,15.9,100.0,23.38078773913044,138,12.235467600000002,60,13.501895,72,74.01411962504524,1283.6843169405768
45,14,2008_RAMMASUN,"['wp032008', 'WP_03']",10.24007,24,9.903078333333331,36,8.2,135.0,18.858091416666667,144,10.037875,60,9.940974,48,73.00305366844691,584.2425492982461
46,15,2008_NAKRI,"['wp062008', 'WP_06']",8.838111999999999,42,11.5596785,24,14.4,125.0,15.672395230769231,156,9.827772545454549,66,10.205953000000004,84,70.56805986023542,1301.5568358838534
47,19,2008_SINLAKU,"['wp152008', 'WP_15']",7.548206,24,7.674482500000002,24,16.3,125.0,14.792392115384615,312,7.611344250000001,48,7.611344250000001,48,76.1642033727401,312.8519370446229
48,4,2009_VAMCO,"['wp112009', 'WP_11']",5.260922749999999,48,9.282505,36,14.0,120.0,12.717306588235292,204,6.984457999999998,84,6.984457999999998,84,67.47929673231701,2107.827846329026
49,5,2009_PARMA,"['wp192009', 'WP_19']",9.448076,36,14.152734,36,9.2,135.0,13.409710727272728,396,11.800405,72,11.800405,72,72.81753423068648,1283.1316775810883
50,7,2009_KUJIRA,"['wp012009', 'WP_01']",7.687262749999999,48,10.281526333333332,36,13.4,115.0,17.129088000000003,126,8.799089999999998,84,8.799089999999998,84,70.47269490637478,27.030649323938025
51,12,2009_NIDA,"['wp262009', 'WP_26']",8.35069125,48,7.349826000000002,24,8.3,155.0,15.692904000000004,252,8.0170695,72,8.214209624999999,96,75.78730912153947,1145.1287592844496
52,16,2009_LUPIT,"['wp222009', 'WP_22']",8.902022333333333,36,7.362796999999998,36,11.5,140.0,14.999981916666664,288,8.601909,60,8.601909,60,75.59060415787629,1577.067584060316
53,20,2009_CHOI-WAN,"['wp152009', 'WP_15']",9.900535,36,10.821476,24,15.5,140.0,13.1611392,180,10.268911400000002,60,10.268911400000002,60,70.71946832550547,2005.786795031614
54,2,2010_KOMPASU,"['wp082010', 'WP_08']",8.191415000000001,24,10.368254000000002,36,19.5,105.0,17.574954869565214,138,9.4975184,60,8.593325250000001,48,70.13203760796485,1283.7271623344852
55,8,2010_CHABA,"['wp162010', 'WP_16']",9.927833444444444,108,7.766423999999999,24,16.6,115.0,19.558716166666667,144,9.53484990909091,132,12.002600000000005,216,74.48068030337423,784.0997494536839
56,12,2010_MEGI,"['wp152010', 'WP_15']",10.7287715,48,11.117011333333332,36,11.8,160.0,11.035983045454548,264,10.794643833333334,72,10.89516,84,77.05719188788991,1528.5776821676768
57,0,2011_MA-ON,"['wp082011', 'WP_08']",8.810208000000001,36,8.135207333333334,36,19.0,115.0,13.307441658536584,246,8.472707666666667,72,8.472707666666667,72,70.31146823570816,2316.8214457893996
58,7,2011_SONGDA,"['wp042011', 'WP_04']",10.029990666666666,36,9.9276978,60,9.2,140.0,13.554680727272723,198,9.966057625,96,9.766374166666669,72,75.02084959217065,973.2444450643343
59,12,2011_NALGAE,"['wp222011', 'WP_22']",9.752258666666664,36,8.853444666666668,36,19.0,130.0,11.5515144,180,9.4467026,60,9.4467026,60,71.38997306529471,909.4871123477122
60,13,2011_NESAT,"['wp202011', 'WP_20']",7.913301500000001,24,11.75259033333333,36,13.7,115.0,14.051799999999998,168,10.2168748,60,8.934068333333334,36,75.8826290546364,1190.5292915162463
61,1,2012_GUCHOL,"['wp052012', 'WP_05']",9.367198,48,12.7179888,60,9.6,130.0,17.02753303030303,198,11.228748444444443,108,10.810317125,96,,1010.2470252878462
62,4,2012_SON-TINH,"['wp242012', 'WP_24']",7.245549333333334,36,8.774982833333334,72,9.7,105.0,10.4451644,120,8.436051875,96,8.521794,60,76.12786779586945,61.184965155729685
63,11,2012_MAWAR,"['wp042012', 'WP_04']",10.790447333333333,36,13.747835333333333,36,14.9,105.0,20.3729389,120,11.6708476,60,11.6708476,60,60.947257597671125,185.2655896145071
64,14,2012_BOPHA,"['wp262012', 'WP_26']",9.237488,12,7.661239000000001,84,4.3,150.0,11.26490108,300,7.858270124999999,96,9.3141695,24,,948.647188464644
65,16,2012_BOLAVEN,"['wp162012', 'WP_16']",6.859216999999999,48,13.461964666666663,36,17.5,125.0,15.3268384,210,8.609666166666665,72,9.688966,84,72.39334372263949,1654.0916308666606
66,19,2012_PRAPIROON,"['wp222012', 'WP_22']",7.635950999999999,36,7.980826999999999,36,17.9,105.0,12.445438565217389,276,7.610314199999998,60,7.610314199999998,60,76.6700946102422,1589.3926702019276
67,24,2012_JELAWAT,"['wp182012', 'WP_18']",6.8595985,48,10.22233025,48,13.4,140.0,15.551967,252,8.540964375,96,8.249403000000001,84,78.78052040874604,580.6640918233913
68,4,2013_UTOR,"['wp112013', 'WP_11']",7.070822333333332,36,7.646633,24,13.6,130.0,11.84643933333333,144,6.952684499999999,48,7.301146599999998,60,72.88587331076842,698.0139012869431
69,8,2013_HAIYAN,"['wp312013', 'WP_31']",8.54182275,48,9.0471195,24,6.1,170.0,10.431398827586206,174,8.710254999999998,72,8.736633,84,76.2299095670842,958.3426077586477
70,12,2013_SOULIK,"['wp072013', 'WP_07']",6.192355,48,6.7710905000000015,24,19.1,125.0,13.08712156521739,138,6.385266833333334,72,6.9427655,96,64.78224169602137,1872.6521039421646
71,13,2013_DANAS,"['wp232013', 'WP_23']",8.843271333333334,36,8.419806333333334,36,16.8,120.0,15.267276210526314,114,8.631538833333336,72,8.631538833333336,72,72.26882270090692,2029.3074112631973
72,15,2013_KROSA,"['wp292013', 'WP_29']",7.702331999999998,48,8.107484999999999,24,16.3,105.0,13.143793666666667,144,7.837382999999998,72,8.154695624999999,96,79.42929341752051,0.0
73,23,2013_LEKIMA,"['wp282013', 'WP_28']",10.095354333333336,36,9.561000000000002,24,10.9,140.0,14.015394,144,9.8816126,60,9.735727000000002,72,71.5250021328765,1809.942745503106
74,7,2014_RAMMASUN,"['wp092014', 'WP_09']",8.706821500000002,72,13.0254015,48,13.6,140.0,16.775091161290323,186,10.14808611111111,108,10.753707727272728,132,71.65638090912152,1759.2943699750956
75,15,2014_NURI,"['wp202014', 'WP_20']",6.717044666666669,36,5.308419499999999,24,12.8,155.0,13.39571592,150,6.153594600000001,60,6.339741166666667,72,77.00698357613432,874.2853397933025
76,19,2014_PHANFONE,"['wp182014', 'WP_18']",10.842076999999998,36,9.520255799999996,60,12.7,135.0,16.562084533333334,180,10.328796,84,10.757383999999998,60,76.5681645227662,1732.6128249370206
77,5,2015_IN-FA,"['wp272015', 'WP_27']",10.794008000000002,12,8.066283,24,4.4,120.0,15.129695263157895,228,8.975524666666667,36,9.634248,24,77.804074123345,1172.7183542271898
78,8,2015_ATSANI,"['wp172015', 'WP_17']",9.969205,24,10.595882333333334,36,14.8,140.0,11.92723048780488,246,10.3452114,60,9.939956666666664,36,66.62276566731751,2298.056574383444
79,14,2015_SOUDELOR,"['wp132015', 'WP_13']",7.156023999999999,12,6.116563666666667,72,13.6,155.0,8.293161049999998,240,6.265058000000001,84,7.001135,24,66.79393572834181,2061.120310372951
80,17,2015_NOUL,"['wp062015', 'WP_06']",7.171284000000002,24,9.37540025,48,9.5,140.0,12.1640508,210,8.640694833333335,72,8.2825935,48,71.16331442594424,1179.8115197271247
81,20,2015_KROVANH,"['wp202015', 'WP_20']",8.971964,36,7.675118333333333,36,18.1,100.0,16.680453478260866,138,8.323541166666667,72,8.3929996,60,63.75813544507827,2157.2220565533335
82,21,2015_MELOR,"['wp282015', 'WP_28']",6.399891,24,8.754254666666666,36,9.9,125.0,11.8828853,120,7.812509199999999,60,7.1823475000000006,48,70.7532099083892,1089.8216294536855
83,0,2016_NEPARTAK,"['wp022016', 'WP_02']",9.666675499999998,24,8.074421666666666,36,10.1,155.0,8.136351833333332,144,8.972154749999998,48,9.673669666666664,36,77.44859668755595,1362.7458641371916
84,3,2016_CHABA,"['wp212016', 'WP_21']",9.043584266666668,90,8.3441676,60,13.9,150.0,13.10494425,144,8.858467749999997,144,8.541684620689653,174,,
85,4,2016_SARIKA,"['wp242016', 'WP_24']",7.2857340000000015,12,7.4905995,24,13.8,115.0,9.745181565217392,138,7.422311,36,7.282682000000001,24,76.06963871771481,304.314844008964
86,15,2016_MERANTI,"['wp162016', 'WP_16']",8.543158,36,11.432130333333332,36,14.5,170.0,10.03003690909091,132,9.7172624,60,9.7172624,60,67.93155107028694,1496.9169388029743
87,19,2016_HAIMA,"['wp252016', 'WP_25']",6.1542049999999975,12,6.34877,24,9.1,145.0,11.2044475,168,6.283915,36,6.571947499999999,24,76.25815686420779,1230.3309824677854
88,20,2016_MEGI,"['wp202016', 'WP_20']",8.184929499999999,24,9.8429285,24,16.4,120.0,8.577909181818182,132,9.013929,48,9.013929,48,71.72895554288365,1619.3159471700046
89,6,2017_BANYAN,"['wp142017', 'WP_14']",7.927035500000002,24,8.697029666666667,36,17.0,110.0,13.700720083333332,144,8.032711000000003,48,7.8867236666666685,36,61.14209603742093,2882.4571327448525
90,19,2017_LAN,"['wp252017', 'WP_25']",8.736959999999998,24,10.0374935,48,10.2,135.0,14.061174,174,9.603982333333333,72,9.217077749999998,48,75.61598812484225,699.117252773486
91,12,2018_YUTU,"['wp312018', 'WP_31']",8.774092666666666,36,9.267245,24,9.2,150.0,13.989452,294,8.971353599999997,60,8.971353599999997,60,77.32780874375567,1658.8259015129745
92,17,2018_MANGKHUT,"['wp262018', 'WP_26']",7.5256975,24,8.162166666666666,36,13.1,155.0,10.320185,240,7.907578999999998,60,7.792365999999999,48,73.34160845144862,2303.6251555596755
93,21,2018_SOULIK,"['wp222018', 'WP_22']",9.441590499999998,24,10.017274,24,15.3,105.0,12.257989794871795,234,9.72943225,48,9.72943225,48,71.37236983752707,1947.2655291413716
94,22,2018_JEBI,"['wp252018', 'WP_25']",7.867521499999999,24,8.956195333333332,36,15.4,155.0,10.100441,192,8.5207258,60,8.35832125,48,73.84721132930562,2081.5211751279935
95,27,2018_MARIA,"['wp102018', 'WP_10']",6.724928999999998,24,8.814022999999999,36,11.6,145.0,11.4981139375,192,7.978385399999999,60,7.709580499999999,48,73.74367095481058,1501.3859104412509
96,8,2019_FAXAI,"['wp142019', 'WP_14']",9.213943999999998,84,8.908417,84,16.8,115.0,10.65643678787879,198,9.0611805,168,9.0611805,168,76.96433526876217,2585.1233296945425
97,13,2019_BULBUL:MATMO,"['wp232019', 'WP_23']",8.314766666666666,36,9.86157961111111,216,13.1,105.0,12.344551166666667,288,9.640606333333333,252,7.9888385,72,76.24077220420183,271.8709814656759
98,15,2019_KAMMURI,"['wp292019', 'WP_29']",7.766042500000001,24,13.090383666666668,36,11.0,120.0,14.86604117948718,234,10.9606472,60,8.971964000000002,36,74.3393769250182,1507.4786466182588
99,20,2019_BUALOI,"['wp222019', 'WP_22']",9.1402055,48,9.7651025,24,10.6,140.0,15.871890384615384,156,9.348504500000002,72,9.448934375,96,78.2827955812235,1864.3445349239366
100,22,2019_HAGIBIS,"['wp202019', 'WP_20']",8.530187,36,10.954237999999998,24,15.1,160.0,16.706618064516125,186,9.4998074,60,9.4998074,60,83.3991467844549,2043.69828356564
101,25,2019_LINGLING,"['wp152019', 'WP_15']",10.561420166666666,72,13.0650775,24,16.7,120.0,16.010708363636358,132,11.1873345,96,12.307106363636365,132,67.69210173973323,227.76460722474536
102,9,2020_VONGFONG,"['wp012020', 'WP_01']",10.005574666666668,108,6.864558000000001,24,11.3,100.0,12.203228842105265,114,9.7132185,120,10.46704005882353,204,65.9495721011729,138.99365830569843
103,18,2020_GONI,"['wp222020', 'WP_22']",9.730059,84,6.737137000000001,24,16.6,170.0,13.7925544,210,9.438157,96,8.683432615384614,156,,
104,19,2020_VAMCO,"['wp252020', 'WP_25']",10.111885999999998,48,7.0740015,24,13.3,115.0,11.122606666666664,144,9.099257833333333,72,9.126198999999998,84,78.92004425420087,26.81986245322823
105,12,2000_DANIEL,"['ep062000', 'EP_06']",10.695072333333334,36,8.008294999999999,24,10.9,110.0,11.952242,288,10.216226250000002,48,9.620361400000002,60,79.13140757716178,999.3874186201701
106,3,2001_JULIETTE,"['ep112001', 'EP_11']",8.857513999999998,12,10.2076425,48,13.0,125.0,13.078761739130432,276,9.9376168,60,8.857513999999998,12,82.96369125036298,247.07287725265215
107,3,2002_KENNA,"['ep142002', 'EP_14']",7.036233000000003,12,8.217102666666666,36,11.5,145.0,11.728632133333337,90,7.92188525,48,7.036233000000003,12,,596.2657708298443
108,8,2002_ELIDA,"['ep062002', 'EP_06']",10.459051000000002,12,10.2763125,24,11.9,140.0,10.288393333333334,198,10.055805500000002,24,10.459051000000002,12,79.21409209162057,511.8196273867423
109,11,2002_HERNAN,"['ep102002', 'EP_10']",9.22528,12,8.352026500000001,24,13.9,140.0,10.218074551724138,174,8.8121155,24,8.823355076923077,156,82.63648324988625,446.69380352965646
110,0,2004_DARBY,"['ep052004', 'EP_05']",9.032241,12,8.827757,24,12.5,105.0,10.44566381818182,132,8.895918333333332,36,8.847595,24,78.19220522517512,1329.0234705901503
111,2,2004_HOWARD,"['ep112004', 'EP_11']",10.824528,12,8.335621999999999,36,13.3,120.0,9.776892666666663,252,8.957848499999999,48,10.5853275,24,,
112,3,2005_KENNETH,"['ep112005', 'EP_11']",8.791896000000001,12,8.812878500000002,24,12.9,115.0,11.818077064516128,372,8.805884333333335,36,11.30426737704918,366,75.85113814770573,1507.407229780171
113,14,2005_JOVA,"['ep102005', 'EP_10']",6.7405705000000005,72,7.285988333333333,36,13.8,110.0,11.44396955,240,6.922376444444445,108,6.96851675,144,69.79018336875284,2035.7521510635695
114,0,2006_DANIEL,"['ep052006', 'EP_05']",7.945729,24,8.749930999999998,36,12.3,130.0,8.817144363636363,264,8.418789,48,8.094768333333333,36,74.9958588122625,1137.9297384708268
115,13,2006_BUD,"['ep032006', 'EP_03']",10.312555,12,10.501779,24,13.5,110.0,11.74018904,150,10.584183,24,9.817283222222224,108,70.88125781260305,961.5957534265565
116,17,2006_ILEANA,"['ep102006', 'EP_10']",10.590287,12,7.5638475,24,12.5,105.0,8.256219133333332,180,8.572660666666666,36,10.590287,12,81.5146550750754,571.8159480085126
117,5,2007_FLOSSIE,"['ep092007', 'EP_09']",7.779395000000001,12,8.384454,36,13.2,120.0,11.6917538,180,8.23318925,48,7.779395000000001,12,65.6413766831595,2206.5891844583575
118,2,2009_FELICIA,"['ep082009', 'EP_08']",8.707202999999998,24,8.395517499999999,24,11.5,125.0,12.871262344827583,174,8.551360249999998,48,12.366527878787878,198,,
119,9,2009_JIMENA,"['ep132009', 'EP_13']",8.622967800000001,60,7.055307999999998,24,13.7,135.0,11.77852216,150,8.351136333333335,72,7.948272333333332,108,76.19329555910244,403.65790073507117
120,13,2009_RICK,"['ep202009', 'EP_20']",9.570156,36,7.707291499999998,24,12.1,155.0,14.697917578947369,114,8.8250102,60,9.318493166666666,72,79.55591090986857,392.9019119591245
121,16,2009_GUILLERMO,"['ep102009', 'EP_10']",6.716209,84,11.820243,36,16.1,110.0,16.773352875,192,7.269117555555557,108,12.087116923076923,156,72.41931632058838,1255.666170699128
122,3,2010_CELIA,"['ep042010', 'EP_04']",10.894978333333333,36,11.569978999999998,36,12.8,140.0,11.70804731818182,264,10.8353626,60,10.8353626,60,79.64798812793083,370.3196958155605
123,3,2011_ADRIAN,"['ep012011', 'EP_01']",10.5662525,24,11.159485,24,11.7,120.0,14.742709076923076,156,10.86286875,48,10.86286875,48,70.288141275391,544.1720744623126
124,4,2011_HILARY,"['ep092011', 'EP_09']",8.712544000000001,12,9.397718,24,13.7,125.0,13.865973166666665,288,9.169326666666668,36,8.712544000000001,12,85.58553511818032,196.43696205226436
125,7,2011_KENNETH,"['ep132011', 'EP_13']",7.7342254,60,9.007825,24,11.5,125.0,12.838557333333334,126,7.879093666666667,72,8.592498666666666,108,82.02259756134012,791.0970527932989
126,1,2012_EMILIA,"['ep052012', 'EP_05']",6.158782999999998,24,7.004187000000002,36,10.3,120.0,10.0029296,240,6.29364325,48,6.0227146666666656,36,77.64511042307059,817.3638060310873
127,8,2012_DANIEL,"['ep042012', 'EP_04']",7.703858,24,8.033092499999999,48,13.8,100.0,10.678031999999998,216,7.923347666666667,72,7.6241245,48,74.68234363696078,761.0053159059587
128,10,2012_MIRIAM,"['ep132012', 'EP_13']",6.11224,12,6.055014999999998,36,13.9,105.0,11.656997333333331,252,6.069321249999999,48,6.415532499999999,24,78.16332358982953,624.4088950659354
129,11,2012_PAUL,"['ep162012', 'EP_16']",7.198751999999999,12,6.466526333333335,36,13.9,105.0,13.152126823529413,102,6.649582750000001,48,7.198751999999999,12,,
130,5,2014_SIMON,"['ep192014', 'EP_19']",9.47077525,48,5.964980999999998,48,17.9,115.0,13.077130074074072,162,8.132228000000001,84,8.132228000000001,84,76.98174993916722,229.70179349688988
131,8,2014_AMANDA,"['ep012014', 'EP_01']",8.015162,36,7.449016,24,10.9,135.0,11.126675999999998,144,7.7887036,60,7.764643666666667,72,72.59989579823407,991.9941932636567
132,9,2014_ISELLE,"['ep092014', 'EP_09']",9.770825,36,13.982584999999998,36,12.8,120.0,11.584593384615385,234,11.466210999999998,60,11.395390727272728,264,73.04811353680435,1777.413895656648
133,12,2014_MARIE,"['ep132014', 'EP_13']",5.589585,12,9.3141695,24,12.6,140.0,10.417849,264,8.072641333333333,36,5.589585,12,82.93094207762604,473.04567208095824
134,13,2014_CRISTINA,"['ep032014', 'EP_03']",9.700120333333333,36,8.055601000000001,24,15.5,130.0,14.7237196,210,9.0423126,60,9.0423126,60,74.18839004300933,251.9358241475572
135,17,2014_ODILE,"['ep152014', 'EP_15']",10.6890955,24,15.740664166666669,72,14.4,120.0,13.663134129032256,186,14.477772,96,12.384863,36,80.6820010407003,335.05020849040125
136,1,2015_DOLORES,"['ep052015', 'EP_05']",9.386273,24,9.08546025,48,12.2,115.0,10.023043024390242,246,9.3562108,60,8.904311333333332,36,80.10886940260662,420.4274696961652
137,3,2015_OLAF,"['ep192015', 'EP_19']",6.37070625,48,10.388346333333333,36,9.4,130.0,13.65708256521739,276,8.092552,84,8.745066875000001,96,72.6925073558662,2322.8485380524644
138,6,2015_ANDRES,"['ep012015', 'EP_01']",9.814316000000002,12,11.508938999999998,36,11.1,125.0,13.787738894736842,228,10.912273,36,13.060594875,192,67.15164905084586,1160.0245029287744
139,10,2015_JIMENA,"['ep132015', 'EP_13']",6.97958025,48,6.723784499999999,24,12.2,135.0,12.647154654545457,330,6.894315,72,7.371735000000001,84,78.83164213480049,1405.504645125441
140,13,2015_SANDRA,"['ep222015', 'EP_22']",8.902531,12,8.984934999999998,36,10.8,130.0,22.383908636363632,132,8.964334,48,9.130667999999998,24,80.52875317759711,762.3959775793229
141,14,2015_PATRICIA,"['ep202015', 'EP_20']",7.453593999999997,24,9.691473,36,13.1,185.0,11.301948,84,9.11674325,48,8.783757333333332,36,,
142,15,2015_IGNACIO,"['ep122015', 'EP_12']",7.90395475,48,7.889266999999998,36,12.8,125.0,11.968319499999998,336,7.897659999999999,84,8.282307374999998,96,67.69024437334284,2489.6877579709967
143,16,2015_LINDA,"['ep152015', 'EP_15']",9.82442575,48,7.6939389999999985,24,13.2,110.0,12.38678206060606,198,9.1142635,72,9.230403,84,78.85843683339974,730.5535010774048
144,17,2015_HILDA,"['ep102015', 'EP_10']",10.219469,12,9.370504333333333,36,12.6,125.0,15.008012117647056,204,9.582745499999998,48,10.1351575,24,,
145,1,2016_DARBY,"['ep052016', 'EP_05']",10.776459,24,11.907987999999998,36,15.9,105.0,11.3669665,336,11.4553764,60,11.360917,48,75.92358867594795,519.4917361391281
146,6,2016_MADELINE,"['ep142016', 'EP_14']",8.817074999999999,12,5.6530666,60,13.9,115.0,8.986091806451613,186,6.149627,60,8.817074999999999,12,66.2029890521379,1940.839259701674
147,11,2016_LESTER,"['ep132016', 'EP_13']",6.899274499999999,24,9.7857035,48,16.0,125.0,10.84662775,336,8.823560500000001,72,8.2726745,48,76.88556958715704,753.2331044845726
148,13,2016_BLAS,"['ep032016', 'EP_03']",9.269534,12,8.991038999999999,36,11.4,120.0,12.831442411764703,204,9.06066275,48,11.6682629375,192,80.15913730800199,962.3950400642544
149,15,2016_SEYMOUR,"['ep202016', 'EP_20']",9.239014,36,8.1849295,24,13.2,130.0,15.898591037037036,162,8.8173802,60,8.8173802,60,85.81135452271091,560.2583572643113
150,1,2017_EUGENE,"['ep052017', 'EP_05']",8.170814,12,7.834839666666665,36,11.6,100.0,8.737429538461539,156,8.362581333333333,36,8.170814,12,76.87897170669635,1064.6869819040974
151,9,2017_KENNETH,"['ep132017', 'EP_13']",9.268262333333332,36,10.97255,36,14.9,115.0,13.886489388888888,216,10.120406166666664,72,10.120406166666664,72,75.4996124474967,1277.7677495740527
152,12,2017_FERNANDA,"['ep062017', 'EP_06']",7.042337,24,7.1861625,24,11.9,125.0,10.803999666666666,252,7.11424975,48,7.11424975,48,74.12941566645445,1100.373722451849
153,4,2018_WILLA,"['ep242018', 'EP_24']",8.971709666666667,36,8.142201499999999,24,14.9,140.0,11.000780999999998,96,8.639906399999997,60,8.451979499999998,72,,
154,6,2018_LANE,"['ep142018', 'EP_14']",7.21096,48,6.908557666666667,36,10.7,140.0,15.1880705,336,7.081359,84,7.463036125,96,77.88628827790157,1931.6590480140007
155,12,2018_NORMAN,"['ep162018', 'EP_16']",6.999609,24,7.4989925,24,17.2,130.0,15.77972468,300,7.24930075,48,7.24930075,48,77.78568905936221,716.2721207290502
156,17,2018_ROSA,"['ep202018', 'EP_20']",8.603435000000001,12,9.4583765,24,14.6,130.0,11.269956499999996,168,9.173396,36,10.445535,168,77.7251300114767,639.7484013005012
157,20,2018_HECTOR,"['ep102018', 'EP_10']",9.577786,12,10.278474333333332,36,13.0,135.0,9.82349584375,384,10.10330225,48,9.4385385,24,79.34953368102222,1387.4097743851257
158,9,2019_KIKO,"['ep132019', 'EP_13']",7.203330000000001,12,8.89814375,48,15.9,115.0,9.9965095,336,8.559181,60,7.342959,24,78.87357096605216,774.7186076525043
159,2,2020_DOUGLAS,"['ep082020', 'EP_08']",10.266012000000002,24,8.132282499999999,48,13.5,115.0,10.92573891891892,222,8.843525666666666,72,10.083400666666668,36,72.87068264844326,1595.428392813812
160,14,2020_GENEVIEVE,"['ep122020', 'EP_12']",10.213365,12,9.9985805,24,11.8,115.0,10.78603118181818,132,9.8192755,24,10.213365,12,83.22369277191551,469.4304318090284
161,6,2000_ISAAC,"['al132000', 'AL_13']",8.862855,12,7.640274666666666,36,12.3,120.0,15.829045,300,7.945919749999999,48,9.013929,24,84.10613118600949,508.8432064911655
162,11,2000_KEITH,"['al152000', 'AL_15']",6.583010999999999,24,6.787495,24,17.4,120.0,7.9737965,168,6.685253,48,7.502535,168,96.21571465609068,148.92577412492955
163,7,2001_FELIX,"['al072001', 'AL_07']",10.11818075,96,15.487984000000004,36,18.6,100.0,15.784434933333332,180,11.582672545454546,132,12.1440602,180,82.1808651373462,1581.5425154127906
164,11,2002_ISIDORE,"['al102002', 'AL_10']",9.05524,84,8.835386999999999,36,17.1,110.0,12.007057526315789,228,8.9892841,120,9.8709415,168,94.69377246298986,306.94068770824674
165,8,2003_ISABEL,"['al132003', 'AL_13']",8.360800999999999,12,6.757483666666665,36,13.9,145.0,10.703058400000002,330,7.856457999999997,36,8.360800999999999,12,80.40254488041003,1102.0281943061837
166,14,2003_FABIAN,"['al102003', 'AL_10']",9.150506,24,7.113804666666667,36,15.0,125.0,11.422813428571429,294,7.9284852,60,8.886508000000001,36,83.01016070040919,1239.125424358791
167,3,2004_JEANNE,"['al112004', 'AL_11']",9.5423065,24,9.403143777777776,54,16.4,105.0,11.564231066666668,360,9.516746,72,9.474236,42,81.86601589934149,0.0
168,11,2004_CHARLEY,"['al032004', 'AL_03']",7.898422999999999,24,7.841452333333334,36,12.9,130.0,13.986908666666666,126,7.8642406,60,7.998376,36,86.37895676556766,194.5911216279778
169,12,2004_FRANCES,"['al062004', 'AL_06']",7.934665499999999,24,5.102027999999999,24,11.5,125.0,12.34499625,384,6.518346749999999,48,7.052764666666666,36,86.81997538799678,1596.3083605905545
170,13,2004_KARL,"['al122004', 'AL_12']",8.140294,12,4.771140333333332,36,11.2,125.0,14.153994608695657,276,5.61342875,48,6.3903535,24,85.91497611768742,1027.1761109807471
171,1,2005_EMILY,"['al052005', 'AL_05']",6.046621999999999,24,8.070098000000002,48,11.0,140.0,9.472061589743593,234,7.395606000000002,72,7.068088250000001,48,88.77081723870256,1056.664057479948
172,4,2005_BETA,"['al272005', 'AL_27']",7.486402999999999,12,7.5276049999999985,48,11.0,100.0,7.101850999999999,96,7.519364599999998,60,6.968325999999999,24,93.76670640359288,195.0399686734888
173,11,2005_DENNIS,"['al042005', 'AL_04']",9.476307,24,8.958484333333333,36,13.0,130.0,9.770480901960784,306,9.1656134,60,8.892612000000002,36,82.92628378865317,224.05181512981594
174,21,2005_WILMA,"['al252005', 'AL_25']",6.792835999999999,36,6.886685000000001,36,16.9,160.0,17.795648153846155,234,6.8397605,72,6.8397605,72,91.30496320531849,153.45206349766403
175,12,2007_FELIX,"['al062007', 'AL_06']",6.712720999999998,12,5.6779404,30,12.1,150.0,7.331895500000001,144,5.973591999999999,42,5.639942999999999,24,85.88788636654446,345.8146143149699
176,5,2008_PALOMA,"['al172008', 'AL_17']",6.882106999999998,12,7.355167,24,14.8,125.0,23.657494363636363,198,7.197480333333332,36,6.887829499999999,24,91.2782944495316,137.48147244634427
177,7,2008_IKE,"['al092008', 'AL_09']",7.5070039999999985,12,7.348452599999999,60,17.3,125.0,15.567772,336,7.088422199999999,60,7.5070039999999985,12,79.84426831405676,1680.22866324159
178,9,2008_GUSTAV,"['al072008', 'AL_07']",7.693175999999998,12,9.1203675,24,15.1,135.0,13.118343377777776,270,8.644637,36,8.818601,24,93.30794697703024,321.91651920903354
179,5,2009_FRED,"['al072009', 'AL_07']",10.347652999999998,12,8.8815485,24,11.7,105.0,13.54671295652174,276,9.37025,36,10.347652999999998,12,76.04283128169422,581.6830992516755
180,10,2010_KARL,"['al132010', 'AL_13']",6.637184,24,7.082436888888889,54,18.1,110.0,8.537969599999998,90,6.945435999999999,78,6.612768,48,,
181,15,2010_JULIA,"['al122010', 'AL_12']",9.554133,12,6.065696999999999,48,13.1,120.0,17.746622958333333,288,6.763384199999999,60,8.306246499999999,24,79.63884152939718,395.77225305915806
182,12,2011_OPHELIA,"['al162011', 'AL_16']",10.68261,24,13.320894444444445,216,12.5,120.0,15.39133733333333,324,12.996748842105262,228,15.114177583333335,144,87.1038316495254,1668.639800486737
183,18,2011_RINA,"['al182011', 'AL_18']",8.384454,48,11.6771805,24,16.0,100.0,14.488731454545457,132,9.4820295,72,10.230151,96,96.97721009243308,219.11787791359635
184,18,2012_SANDY,"['al182012', 'AL_18']",6.875239999999998,24,10.866874500000002,48,12.7,100.0,19.270005444444447,216,9.536329666666669,72,7.529512499999999,48,99.57537605112876,448.1024952966029
185,1,2014_GONZALO,"['al082014', 'AL_08']",6.227071499999999,24,7.932758,24,16.4,125.0,14.418356451612905,186,7.07991475,48,6.072055333333332,36,85.13924782912426,470.4469700853971
186,7,2014_EDOUARD,"['al062014', 'AL_06']",6.921274333333334,36,13.630536799999998,60,17.2,105.0,13.804136048780489,246,11.114563375,96,9.7892896,60,78.92210139216861,1470.478306723019
187,7,2016_GASTON,"['al072016', 'AL_07']",9.681554,36,10.84036025,48,12.0,105.0,12.46429617021276,282,9.863910999999996,72,9.807143799999997,60,77.86101346412437,596.4358846296075
188,3,2017_IRMA,"['al112017', 'AL_11']",5.422488000000001,12,5.4869615,24,16.2,155.0,10.208987789473683,342,5.465470333333333,36,5.422488000000001,12,79.36421383591045,587.1220353128082
189,8,2017_HARVEY,"['al092017', 'AL_09']",7.009528,36,8.449387931034481,174,13.0,115.0,11.68783865625,384,8.2025548,210,8.091970666666668,72,85.13052728352959,939.2088015749105
190,14,2017_JOSE,"['al122017', 'AL_12']",10.839279333333332,36,8.811225333333331,36,12.0,135.0,14.601126886075946,474,10.016663599999998,60,10.016663599999998,60,87.13304991177365,1591.7231657725263
191,15,2017_MARIA,"['al152017', 'AL_15']",7.023261999999999,12,11.2247215,24,12.2,150.0,13.904795333333333,378,9.824235,36,7.023261999999999,12,89.87827833164198,763.795832396114
192,1,2019_DORIAN,"['al052019', 'AL_05']",9.406111,12,7.200786666666665,108,10.6,160.0,12.723979580645164,372,7.4213191,120,8.8891785,24,89.29092520988948,799.6158008546663
193,9,2020_IOTA,"['al312020', 'AL_31']",7.952595999999999,36,7.025805333333332,36,14.0,135.0,6.34242505263158,114,7.489200666666664,72,7.393927399999998,60,100.18538824682868,321.83161681261237
194,16,2020_ETA,"['al292020', 'AL_29']",6.4388039999999975,12,5.127207000000001,36,14.9,130.0,13.23742746153846,312,5.363991333333334,36,6.4388039999999975,12,98.65723635683578,361.3835115948159
195,24,2020_TEDDY,"['al202020', 'AL_20']",8.8884155,48,7.985404999999999,48,12.9,120.0,14.622890878048782,246,8.43691025,96,8.408761,84,83.9469636065431,1402.4622786631874
